variable_value,objective_value,task_cost,expected_completion_rate,runtime_seconds
3,15.890040129917075,32.585054098555695,0.3666508051354826,0.013833713531494141
4,16.08650892104609,31.20243160679846,0.3635319771869376,0.01372490167617798
5,16.897541010292333,30.941761347413053,0.37400099163594647,0.013864724636077881
6,16.578511985516286,30.200351464298414,0.36626596321151156,0.013312621116638184
