variable_value,objective_value,task_cost,expected_completion_rate,runtime_seconds
15,11.164801551632667,19.585366842661173,0.2434344514918717,0.0066062998771667485
20,14.462920548059538,25.99908528799652,0.3180378019208357,0.010205140113830566
25,16.897541010292333,30.941761347413053,0.37400099163594647,0.013758249282836914
30,17.529549119668914,34.56128113182132,0.39854190656021876,0.017080743312835694
35,18.125800767868835,37.26854136749376,0.41866233111595663,0.020414462089538576
