variable_value,objective_value,task_cost,expected_completion_rate,runtime_seconds
3,22.123373558462646,21.74957099330995,0.409260640806509,12.276606841087341
4,20.466636996701382,21.43392052813728,0.3842401879306081,10.345905740261077
5,19.370073192811702,21.54175423049235,0.3690371351708487,14.681916794776917
6,17.721120492100884,21.388329516040248,0.344823133527328,13.455485486984253
