variable_value,objective_value,objective_value_ci95,task_cost,task_cost_ci95,expected_completion_rate,expected_completion_rate_ci95,runtime_seconds,runtime_seconds_ci95
15,13.821033405167734,1.5104509866371938,16.326835780945785,1.3409501632071008,0.2674154877064495,0.02454168546733811,9.529944324493409,3.7020133083776168
20,16.215833835269816,1.5817496152701842,19.189934781340806,1.2217571655584973,0.31389734670960084,0.025077494506195803,9.493706707954408,2.1232427792249204
25,19.4758051612391,1.7098207988898406,21.459952332593993,0.9062061776426317,0.3701970123002472,0.025851920328356325,16.37363204717636,4.5904618850739975
30,21.600951324388262,1.6887419363169762,23.20722051237835,0.7922407977868592,0.4080445354014538,0.025354998840047292,19.28518963813782,4.205783746592212
35,23.074011124933172,1.7760525868021486,23.639487492710913,0.5503248095994502,0.4309408196106636,0.025650313054627182,41.913287560939786,10.686302583248084
