variable_value,objective_value,objective_value_ci95,task_cost,task_cost_ci95,expected_completion_rate,expected_completion_rate_ci95,runtime_seconds,runtime_seconds_ci95
15,11.584183761266642,1.1156898451728468,18.911080790886903,1.9022807854031605,0.24653582855046735,0.021422116438574886,0.4104578495025635,0.067730350609122
20,13.295138237420128,1.2740619051417994,25.5484652689578,2.1137358790421095,0.29942396883010663,0.024673186607837017,0.7329067492485046,0.3490472793781716
25,16.255307263553917,1.2159822411350443,30.499178895199652,1.8792620722631521,0.36292944188734017,0.023570241892836033,0.9955214190483094,0.34087601030515025
30,17.94264709668844,1.1878070015318154,34.494431623421235,1.715647180879834,0.40415680833878304,0.022328410739599985,2.14846670627594,0.680220463767631
35,19.708196055905965,0.8582752410865903,37.9379629871312,1.3139666922562694,0.44413692788636183,0.015450101091682603,4.495218865871429,1.3146153573521926
