variable_value,objective_value,objective_value_ci95,task_cost,task_cost_ci95,expected_completion_rate,expected_completion_rate_ci95,runtime_seconds,runtime_seconds_ci95
15,3.8992615425077006,0.9294439976796327,6.849355494906831,1.4501789006952448,0.08505811701399642,0.018860767248307264,0.001458883285522461,0.00024127035756650462
20,5.329846094410298,1.0672858975629402,8.969157560336722,2.4837300268005866,0.1145799051787331,0.023546373940936623,0.0016858100891113282,0.000347514261150795
25,6.260160203842637,1.3018245239280022,11.923276683025005,2.8742389697888093,0.14053061726785912,0.029806259399708098,0.0021581649780273438,0.00044220729358569337
30,8.132157117034968,1.5885393462236963,17.9405681297639,4.2090715880958465,0.19306182222805912,0.03856079484984822,0.003215014934539795,0.0008257953546723159
35,9.258716193746013,1.2729509792838258,18.890452619043906,4.272803683825637,0.21322645684941688,0.03416121765258724,0.003862464427947998,0.0008462133340793315
