variable_value,objective_value,objective_value_ci95,task_cost,task_cost_ci95,expected_completion_rate,expected_completion_rate_ci95,runtime_seconds,runtime_seconds_ci95
15,1.9788098006216222,0.314209364326079,13.000896524135731,2.070985663119499,0.08398683939803345,0.009637515047162318,0.0016260719299316406,0.00016360951140134743
20,2.082965799230713,0.4443850047847294,20.203672213673244,2.9674218335479674,0.1163438209047527,0.013691605523546152,0.002141764163970947,0.00024130541178074566
25,2.3191127640975573,0.4504486260368141,27.917747130192815,3.31907900577882,0.1527776700450772,0.014797075554138037,0.0027501821517944337,0.0002653219950274605
30,2.2915003172419977,0.4782592794980376,38.6664639807884,3.9503816370788742,0.19844913587826457,0.017584288856611285,0.003653714656829834,0.0003659308456762086
35,2.692950655352293,0.48136362004005245,44.88488702426552,4.0287583251971455,0.23083452518045638,0.017737407157987276,0.004400589466094971,0.00039085114228182456
