variable_value,objective_value,objective_value_ci95,task_cost,task_cost_ci95,expected_completion_rate,expected_completion_rate_ci95,runtime_seconds,runtime_seconds_ci95
15,7.816160571351775,1.3996724678126997,23.066327224112968,6.265882285073673,0.21051512483693807,0.04199467687973494,0.003968739509582519,0.0010023990735463792
20,9.556603240293747,1.533905428593527,31.934900723199206,8.96904771362136,0.27338676367505016,0.05016207449157452,0.00559539794921875,0.002451406894489705
25,10.870222497284745,1.8491586987179534,37.628411866131,9.057129818647882,0.3165535151017721,0.05451981462660958,0.007901358604431152,0.001953071917069551
30,10.163292761628671,1.9462248376502072,53.1720016978402,8.885730774009863,0.37306990387115335,0.04163644063242003,0.009818267822265626,0.0022883693907863743
35,11.481015992094765,1.7306616448417762,57.70043102520954,6.258903399431116,0.41130207570939464,0.027909685510860205,0.01293933391571045,0.002342619188824836
