variable_value,objective_value,objective_value_ci95,task_cost,task_cost_ci95,expected_completion_rate,expected_completion_rate_ci95,runtime_seconds,runtime_seconds_ci95
15,9.822234082056786,0.9950125766205101,16.340194359469095,1.9845129763192975,0.21034703414139308,0.021653712096487764,0.004678490161895752,0.0006234123877799173
20,12.41294851015517,1.1516965598774314,21.636357496511874,2.190468451395149,0.2700550822729819,0.024554649413362245,0.007025556564331055,0.0008815581499741045
25,15.651613977213842,1.1277665370393093,25.571137462086572,1.9297192352481478,0.33318507451199736,0.02313394181132685,0.009601874351501465,0.0010182804323093267
30,17.0028213178513,0.9545350366175118,30.21107773052498,1.9898542711715437,0.37237349481441145,0.020685989261996104,0.01297396183013916,0.001191795832586528
35,19.147030317415844,0.7632370491406716,31.859184328171285,1.433269779090102,0.4100683659409604,0.01374405701789419,0.015566096305847169,0.0012012020049038678
