variable_value,objective_value,objective_value_ci95,task_cost,task_cost_ci95,expected_completion_rate,expected_completion_rate_ci95,runtime_seconds,runtime_seconds_ci95
15,5.724154903504229,0.6349593175522522,18.222350312018264,2.5256349126543705,0.15986942853013872,0.017147249029609794,0.0023901200294494628,0.0002618080300397709
20,6.971397000235446,0.8132121611429763,25.970427012651932,3.0088203013220673,0.2108932157718718,0.02084106041035317,0.0034058618545532225,0.000349893620351178
25,9.104649899997044,0.8058139972013931,31.066819064117,2.6294143139207753,0.26320993741760207,0.020333728241288766,0.0041062331199646,0.00034856911910171115
30,10.200395024585259,0.8620683398434078,37.07491013921952,2.5769687468577316,0.3046124009478731,0.019276034210307345,0.005417487621307373,0.00045152081246677134
35,11.769939442459222,0.8058912989503986,40.153357029477654,1.948295973175231,0.34022780787575024,0.014924853049959986,0.006314523220062256,0.0004513170107893085
