variable_value,objective_value,objective_value_ci95,task_cost,task_cost_ci95,expected_completion_rate,expected_completion_rate_ci95,runtime_seconds,runtime_seconds_ci95
15,7.045016212870506,1.4615356420671421,13.21124158918247,3.1620136641986267,0.15726269556607492,0.03212988710633075,0.0021339058876037598,0.0004143125321541972
20,8.890084768292402,1.7142159184148515,20.17595648284509,5.449076186745576,0.2134695959020847,0.04350108467002664,0.002135777473449707,0.0006208614805429133
25,10.546731841510262,2.116709924937092,23.07172385519023,4.448849363701553,0.24954641425810475,0.04647395471000927,0.0030828237533569334,0.0006967634356592388
30,12.34758399794018,1.9621550039513822,30.100133483892932,4.29111571481352,0.305394629187258,0.03971448506313796,0.004799485206604004,0.0015304105412706547
35,13.37499917435727,1.4199046475409176,34.01491220203285,4.200263383579376,0.3368496119281018,0.029174639661669263,0.005156886577606201,0.0007977349508853099
