variable_value,objective_value,objective_value_ci95,task_cost,task_cost_ci95,expected_completion_rate,expected_completion_rate_ci95,runtime_seconds,runtime_seconds_ci95
0.05,23.061845844061235,1.9385329832730562,24.17453565892886,0.6234014837044126,0.433060093453427,0.02807079185932681,22.334773766994477,6.82679891419131
0.1,16.735936970649455,1.772234521188971,21.40272630204835,0.9372187611167405,0.33081078373234235,0.02678949193465958,5.744368169307709,2.325465846503303
0.15,14.075033454375255,1.5931182898281226,19.13979371017663,1.1107429320163096,0.28309959382040345,0.024947803264380952,3.0618169021606447,1.361954393853108
0.2,11.960015869156654,1.4146037768964121,16.911759365412642,1.1892276099524142,0.24333633826829218,0.022326285749207905,1.3721858859062195,0.5942304131131635
0.25,10.386238078493973,1.297950577926501,15.096831494950438,1.256953721050468,0.21307553609970145,0.020934264377038943,0.8709561228752136,0.31612210303876637
