variable_value,objective_value,objective_value_ci95,task_cost,task_cost_ci95,expected_completion_rate,expected_completion_rate_ci95,runtime_seconds,runtime_seconds_ci95
0.05,3.409718211103521,0.5099223910632957,43.87004247076853,4.0214236552085225,0.23672472789048687,0.018788539325241903,0.004041624069213867,0.0004314961878861794
0.1,2.304637096357622,0.4071170433664523,27.946348131734258,3.3320422772071856,0.15269345051254146,0.014780709523857136,0.0027136778831481933,0.00024238467416837385
0.15,1.9056226018511881,0.37412432032303233,21.880286718244616,3.108877793537223,0.12099583739035102,0.01324784430303268,0.002223055362701416,0.0002266811667884378
0.2,1.9303466380471397,0.298936083790068,16.340854624660018,2.5701597068499304,0.09760861464921634,0.011104250087842184,0.0017592573165893554,0.00021518587385338482
0.25,1.8633232450347077,0.3114910146783326,12.775067350984598,2.3013438563981596,0.08136919214757268,0.010207757605172719,0.0015323758125305176,0.00017740637391564163
