variable_value,objective_value,objective_value_ci95,task_cost,task_cost_ci95,expected_completion_rate,expected_completion_rate_ci95,runtime_seconds,runtime_seconds_ci95
0.05,10.897760105889102,1.8531898743953414,37.58725183767379,9.049937817225157,0.31677050938844625,0.05457159276252901,0.007290315628051758,0.0018729654449359992
0.1,10.870222497284745,1.8491586987179534,37.628411866131,9.057129818647882,0.3165535151017721,0.05451981462660958,0.007018899917602539,0.0019023549849091917
0.15,10.842683612216263,1.8451440559363486,37.66957189458823,9.064325351782516,0.31633650257989615,0.054468054827338186,0.007075774669647217,0.0019015223513249118
0.2,10.815143504375248,1.8411460852660146,37.71073192304546,9.071524408224985,0.31611947258984124,0.05441631373032106,0.007317161560058594,0.002363392029295579
0.25,10.787602227561539,1.8371649263370295,37.75189195150268,9.078726979593778,0.3159024259001763,0.05436459170117819,0.006401026248931884,0.0018864834476599796
