variable_value,objective_value,objective_value_ci95,task_cost,task_cost_ci95,expected_completion_rate,expected_completion_rate_ci95,runtime_seconds,runtime_seconds_ci95
0.05,20.439995949717183,0.8221179720993529,32.18823858412109,1.5993477281018182,0.42994953607076447,0.016252401457800443,0.013455016613006592,0.0011275204445463946
0.1,15.675497544475569,1.1196846893336558,25.55484436064945,1.9261088020732262,0.33345644075243436,0.023074987335668647,0.009107494354248047,0.0009057972468708311
0.15,13.137441100350598,1.1365770614023876,21.783965383459396,1.9823835737915076,0.2810375816484059,0.02384176504903142,0.00763979434967041,0.0010076384010319615
0.2,10.876612528749739,1.0092256951398089,18.383159904666133,1.9481621369148308,0.23416515000213686,0.0219620003654833,0.005886766910552978,0.0007773890410051323
0.25,9.002908831817761,0.9486668919760748,15.79840204080514,1.8995422087269396,0.19632042062941862,0.021059258458724455,0.005387635231018067,0.0012780769152988794
