variable_value,objective_value,objective_value_ci95,task_cost,task_cost_ci95,expected_completion_rate,expected_completion_rate_ci95,runtime_seconds,runtime_seconds_ci95
0.05,10.566894491351277,2.1208739292640417,23.041399425467336,4.443316570956235,0.2497044902713069,0.046511620540904575,0.003407895565032959,0.0010642559627613544
0.1,10.546731841510262,2.116709924937092,23.07172385519023,4.448849363701553,0.24954641425810475,0.04647395471000927,0.003872179985046387,0.0016957744155855785
0.15,10.526568646464906,2.1125501281564993,23.102048284913117,4.4543855879926735,0.24938833045626918,0.04643630511828159,0.0028367400169372558,0.0007508769950832131
0.2,10.506404942268855,2.1083945818148235,23.132372714636013,4.459925231050588,0.24923023938085226,0.04639867200489958,0.0041556119918823246,0.0020004831118285746
0.25,10.486240765049683,2.104243328955745,23.16269714435891,4.465468280151827,0.24907214154796226,0.04636105560887035,0.002931046485900879,0.0006703252190483635
