variable_value,objective_value,objective_value_ci95,task_cost,task_cost_ci95,expected_completion_rate,expected_completion_rate_ci95,runtime_seconds,runtime_seconds_ci95
10,33.148607495957435,2.8315083045902183,8.02321698610015,2.9181387205974594,0.5079367513112497,0.04644044029663367,0.33682862917582196,0.23770698955336209
20,29.791240443642256,3.7766689142067906,14.323525356343163,3.460205843114362,0.4869756864363601,0.06263359933374463,0.4076491991678874,0.4231164463754352
30,26.375954532506928,4.919942302335124,19.703403802951577,2.509171662732152,0.46124250961989155,0.07632223717149259,0.6585721174875895,0.15109093914848898
40,23.06325426765827,6.76274037180597,22.442888097449032,5.195870249219009,0.42565886709847117,0.11887668898325057,1.0060334205627441,0.4155391074577529
50,19.99589574657058,6.522634264917429,23.76398044921884,6.883528254013949,0.387501284019089,0.12268130257824561,13.599096377690634,23.071535995013758
