variable_value,objective_value,objective_value_ci95,task_cost,task_cost_ci95,expected_completion_rate,expected_completion_rate_ci95,runtime_seconds,runtime_seconds_ci95
10,29.313634170661047,0.7984723774722171,13.237359770650864,0.8952870488268332,0.47549774431223296,0.01268824797296494,0.19257778644561768,0.024537206046661184
20,24.677855370381575,1.0025954347975152,21.268964709291932,1.1025522410568467,0.44369349690241655,0.017347682213486957,0.3766331243515015,0.08797663130300874
30,20.03683322303303,1.234967011327402,27.04764727390415,1.3672545594729633,0.40215896293148956,0.021846452425741476,0.6897748923301696,0.2541737441679663
40,16.255307263553917,1.2159822411350443,30.499178895199652,1.8792620722631521,0.36292944188734017,0.023570241892836033,1.0058172369003295,0.34531591444086096
50,13.257862649227212,1.1384007672169143,31.785782437737183,2.2820251114175565,0.3256228197221195,0.02392899794426448,1.6631961369514465,0.5924273498191279
