variable_value,objective_value,objective_value_ci95,task_cost,task_cost_ci95,expected_completion_rate,expected_completion_rate_ci95,runtime_seconds,runtime_seconds_ci95
10,20.914071364346345,2.1494408161304035,6.858643322430352,1.284927652724563,0.32816663372964927,0.03261418808767886,0.0011229991912841796,0.00027006714051676134
20,13.839479166758888,2.71026641075976,11.223017623122182,2.5354347153943695,0.2458054921956506,0.048174507027554124,0.0018662333488464356,0.0004352140412518697
30,9.701309768306167,1.9578709716146276,11.643765578259837,2.6090063612483245,0.18849199202548744,0.038161633072780476,0.002431070804595947,0.0010917926534613476
40,6.260160203842637,1.3018245239280022,11.923276683025005,2.8742389697888093,0.14053061726785912,0.029806259399708098,0.0020153999328613283,0.0005394821022362606
50,4.635443414658485,1.012600871238456,11.076326458964227,2.5428581842605844,0.11369059074782506,0.02400440796007549,0.002295529842376709,0.00048582098453350977
