variable_value,objective_value,objective_value_ci95,task_cost,task_cost_ci95,expected_completion_rate,expected_completion_rate_ci95,runtime_seconds,runtime_seconds_ci95
10,19.085106572758868,0.8331133503976851,14.74264613235863,1.3621791029159733,0.3358271487495208,0.014576297026072776,0.00188765287399292,0.00016167201715330354
20,11.575115482923932,0.8746145714026875,22.83541874637162,2.357437866092351,0.2632248729547917,0.02010683181923504,0.0022334170341491697,0.00036098327586412716
30,5.90086018880083,0.600713977451494,26.192821547647295,2.963265063227708,0.19655295218707178,0.01756862648876663,0.002518932819366455,0.000252261333399283
40,2.3191127640975573,0.4504486260368141,27.917747130192815,3.31907900577882,0.1527776700450772,0.014797075554138037,0.0027039551734924314,0.0002694074887529324
50,0.3585557361309307,0.40675254057529975,27.35304803955358,3.185674878874708,0.12234957354281438,0.012100741515184938,0.002908589839935303,0.00026044475702197823
