variable_value,objective_value,objective_value_ci95,task_cost,task_cost_ci95,expected_completion_rate,expected_completion_rate_ci95,runtime_seconds,runtime_seconds_ci95
10,23.956548106782964,0.5038030612063377,14.895498549293539,0.8190988245570392,0.4060742524510148,0.007012955165060379,0.0018187880516052247,0.00011816443944436819
20,18.6189612948716,0.753536662801081,28.961831822370037,1.8197600412711146,0.3901072977368944,0.013368644836588969,0.0029156661033630372,0.00017298873110138156
30,13.277615077221494,0.8102256497266909,39.474678253345616,2.7757899474813588,0.35885740790321685,0.018624598553943276,0.003986477851867676,0.000252443514321079
40,8.423704556185662,0.7454389490589681,47.330281063791844,3.9302480246179092,0.32318269821890305,0.021755088443077462,0.004641931056976318,0.0003406124606270563
50,4.436493763900181,0.6569407162953009,52.06211785606089,4.831960756742781,0.2865018445816921,0.022695153089814724,0.005217242240905762,0.00044182383528799577
