variable_value,objective_value,objective_value_ci95,task_cost,task_cost_ci95,expected_completion_rate,expected_completion_rate_ci95,runtime_seconds,runtime_seconds_ci95
10,25.089957744692025,0.6168161233037319,13.803561866289847,0.9230482016083175,0.417586090065414,0.008198387235920323,0.002913057804107666,0.00021239806204741818
20,19.815840371722267,0.7330160802910803,27.086833356912177,1.7823614373092522,0.3991698625542275,0.014372040388186957,0.005037345886230469,0.0003733355368059694
30,14.670740318428328,0.8123830244719097,36.95307348001739,2.976230945978458,0.36795231946333634,0.01990875285841839,0.007013154029846191,0.0006250157057527593
40,10.143448932026002,0.7574339183985244,43.72339508203728,4.33964042950681,0.33229239223767415,0.02290484135088551,0.008600156307220459,0.0009232845090316247
50,6.537985097934629,0.6427120983169248,47.00852769162771,5.342196844157301,0.2948649057917563,0.02353161421122916,0.009424023628234864,0.0011029332754087001
