variable_value,objective_value,objective_value_ci95,task_cost,task_cost_ci95,expected_completion_rate,expected_completion_rate_ci95,runtime_seconds,runtime_seconds_ci95
10,25.786942798675764,0.5816729315733988,11.584632896210278,0.5749355421377715,0.4180333238219835,0.00824850184490313,0.002998344898223877,0.00019634608883373626
20,21.19588009134799,0.8179119857400717,22.490301387942427,1.235348909410255,0.3991852929675817,0.014381745877877935,0.005039255619049072,0.00040948850762177156
30,16.392436924981197,0.9547754446340445,31.339293641930485,2.179220071072465,0.36848892882229056,0.019990675495071452,0.007017943859100342,0.00062128627186762
40,12.004957699370248,0.9309347638151619,37.60058277722036,3.054473267628793,0.33264475046480513,0.023015080411508692,0.008579583168029785,0.0009055076627836397
50,7.989713666598016,0.7542236905822268,42.25727749283944,3.961952156027902,0.29524138449214077,0.023567170609360942,0.009654386043548584,0.0011542560594267558
