variable_value,objective_value,objective_value_ci95,task_cost,task_cost_ci95,expected_completion_rate,expected_completion_rate_ci95,runtime_seconds,runtime_seconds_ci95
10,26.897769538629383,0.637701774876391,8.815902470828705,0.5871278682645682,0.42203628971254276,0.008631446811748569,0.0019693803787231446,0.0001506367350465139
20,23.25501483833127,0.9258573522334625,16.860078826629774,0.9715875101387438,0.40447197837600285,0.014822609245991814,0.003309166431427002,0.0002634370796219066
30,18.853963392487735,1.1412167272907874,24.211034821682052,1.7876344389920948,0.373103911985605,0.020663532749769325,0.004525120258331299,0.00041633461280741536
40,14.62235668953474,1.12285792851072,29.78923622991083,2.523149782159956,0.3365589651215427,0.02363246071486811,0.005529985427856445,0.0005670465134420403
50,10.682981600216463,0.9791338740566026,34.478407309421726,3.601068490523764,0.3003786256148997,0.02453499699546601,0.006327669620513916,0.0007159666185362257
