variable_value,objective_value,objective_value_ci95,task_cost,task_cost_ci95,expected_completion_rate,expected_completion_rate_ci95,runtime_seconds,runtime_seconds_ci95
10,27.103172991151922,0.5738926076898182,7.731471782860574,0.3036376248044581,0.42032306465728697,0.008201549718374284,0.003684542179107666,0.0003719709370023998
20,23.51654711370211,0.874837586853,14.968530913456734,0.7368445286336227,0.4001015198248447,0.01433136226787352,0.006006278991699219,0.000668101139400086
30,19.520352939765203,1.1173345462855502,20.95849061585172,1.2132732552278873,0.3686842874931532,0.020161687196531858,0.007727963924407959,0.0007202956683354036
40,15.651613977213842,1.1277665370393093,25.571137462086572,1.9297192352481478,0.33318507451199736,0.02313394181132685,0.009639124870300293,0.0009866851368892202
50,12.31336928167668,1.0114825589135679,28.03130068213951,2.4115543897747354,0.29603942123312194,0.02381306752345845,0.010852391719818116,0.0012756814500969227
