variable_value,objective_value,objective_value_ci95,task_cost,task_cost_ci95,expected_completion_rate,expected_completion_rate_ci95,runtime_seconds,runtime_seconds_ci95
10,25.555125850480433,1.6424220168174302,11.812680525253015,1.717454737070402,0.41569900011509053,0.02251732522951865,0.002505850791931152,0.0004768900639035876
20,20.167771247478132,1.8714085683612371,23.70063771171481,3.763064794501225,0.38968517944275116,0.03579096485022189,0.0047689080238342285,0.0008848643073088119
30,14.884237953870525,1.9822996860275484,32.7654888369729,6.1770266782848,0.35305549435660566,0.04693067496978671,0.005297362804412842,0.0013552109548920603
40,10.870222497284745,1.8491586987179534,37.628411866131,9.057129818647882,0.3165535151017721,0.05451981462660958,0.00844804048538208,0.002540932353712742
50,7.420753103383026,1.864278327842584,41.161970067785646,11.032747284867064,0.2824192017674103,0.05713386054155685,0.007894396781921387,0.002080918586567006
