variable_value,objective_value,objective_value_ci95,task_cost,task_cost_ci95,expected_completion_rate,expected_completion_rate_ci95,runtime_seconds,runtime_seconds_ci95
10,21.697743355895863,0.8853290619283136,9.819149632796382,0.7280843893243665,0.3520498320819253,0.013472263484721992,0.0017944240570068359,0.00016867114012956486
20,17.679888441762763,0.8772695742706869,19.184176199102225,1.3215458032700997,0.3347877328784775,0.015030132154921261,0.002631371021270752,0.00023356082482187254
30,13.108230333664075,0.8902227261686668,26.260416865205865,2.0010817551574673,0.29980507704608345,0.018390846119050473,0.003694469928741455,0.000388034736456657
40,9.104649899997044,0.8058139972013931,31.066819064117,2.6294143139207753,0.26320993741760207,0.020333728241288766,0.004377851486206055,0.00043250850735308805
50,5.502157625615715,0.6550997141940725,34.660378436863255,3.2976673260201617,0.2271467308096385,0.019673885045293594,0.004615101814270019,0.00043756387726523823
