variable_value,objective_value,objective_value_ci95,task_cost,task_cost_ci95,expected_completion_rate,expected_completion_rate_ci95,runtime_seconds,runtime_seconds_ci95
10,22.072174123555854,1.8845646084290562,9.25774053084261,1.3824080287866258,0.35499280404012346,0.028263725413868773,0.001979196071624756,0.0015946323644883938
20,18.218513313235828,2.07239851765658,16.1041784490319,2.155015998503411,0.32928238354207706,0.0375247075482777,0.0022529006004333497,0.0005065352968372805
30,14.181865082698499,2.38189640374676,20.852144306520806,3.5138824617135827,0.2919644053522107,0.046107614281582894,0.003166937828063965,0.0010403264276607315
40,10.546731841510262,2.116709924937092,23.07172385519023,4.448849363701553,0.24954641425810475,0.04647395471000927,0.0028716325759887695,0.0007766112507836019
50,7.222770996120156,1.7474129985223914,25.599334521835917,5.579008256545046,0.21289387646672758,0.04525787263919429,0.0036960959434509276,0.0008738711626772133
