variable_value,objective_value,task_cost,expected_completion_rate,runtime_seconds
10,25.969937684407437,6.63373059531211,0.39942938375715825,0.3596253085136414
20,24.19931122658478,12.261506802377342,0.39825376096139964,1.2623768281936645
30,22.093261359129333,17.287893787511607,0.38970899279118304,3.27569940328598
40,19.370073192811702,21.54175423049235,0.3690371351708487,14.309539895057679
50,16.695590895456295,24.260721669212714,0.34248296280314433,35.19146955013275
