variable_value,objective_value,task_cost,expected_completion_rate,runtime_seconds
10,33.84559466333599,7.327930198338888,0.5149139103262524,0.3112930456797282
20,31.759699653434883,13.979532960925981,0.5136222791673241,0.7316359678904215
30,28.721537495870887,19.281874237692175,0.4929442823882649,4.438667933146159
40,25.007697689012534,23.278271086593545,0.45701684307129425,11.469572146733602
50,21.567048757768816,25.044136952544477,0.41543271205045945,37.6242196559906
