variable_value,objective_value,task_cost,expected_completion_rate,runtime_seconds
10,26.028639322288985,10.029211515483105,0.4148200396704846,0.0024376710255940757
20,22.463078870770374,20.800698288650718,0.4100469765337942,0.0035674571990966797
30,19.416447980561752,29.404933042603925,0.40339896990489904,0.004797061284383138
40,18.35624880780723,31.08003600839127,0.3954322801474945,0.0057706038157145185
50,13.38842366157517,33.99100139270728,0.3369389154198193,0.006511290868123372
