variable_value,objective_value,task_cost,expected_completion_rate,runtime_seconds
10,26.809942188545747,9.63012165148672,0.4242711240570251,0.005510075092315674
20,23.05948990693263,17.532559996375447,0.40456082722636105,0.008412139415740967
30,20.314713531851467,24.421077915489107,0.39487195580711715,0.010649919509887695
40,16.897541010292333,30.941761347413053,0.37400099163594647,0.013445055484771729
50,13.453011920976149,33.765637825480404,0.3368957609802895,0.015852842330932617
