variable_value,objective_value,task_cost,expected_completion_rate,runtime_seconds
0.05,16.942134642634045,30.87196726728723,0.37433892604028884,0.013639035224914551
0.1,16.897541010292333,30.941761347413053,0.37400099163594647,0.013675436973571778
0.15,16.873422807759308,30.97528540849774,0.37380012043298044,0.015133988857269288
0.2,16.85060043642949,31.025852791791678,0.37369080391381426,0.013808658123016357
0.25,16.829716139764187,31.079715273143506,0.3736232960243891,0.013743090629577636
