variable_value,objective_value,objective_value_ci95,task_cost,task_cost_ci95,expected_completion_rate,expected_completion_rate_ci95,runtime_seconds,runtime_seconds_ci95
3,22.141381566351637,1.5315979533855562,21.727406295176436,1.2104422849565366,0.4094229064986367,0.024799855527577415,11.633309991359711,2.3340322588539717
4,20.468349754641796,1.6538083216521025,21.25406142124466,1.032416298519413,0.38349383115735997,0.025643037698842647,10.347277026176453,1.985360341306573
5,19.4758051612391,1.7098207988898406,21.459952332593993,0.9062061776426317,0.3701970123002472,0.025851920328356325,17.296103727817535,4.6990595859518915
6,17.685870191229238,1.9166206773101375,21.425056994637266,0.9090283049185907,0.3444769612802917,0.02887242708374016,16.49580528974533,6.849685780613224
