variable_value,objective_value,objective_value_ci95,task_cost,task_cost_ci95,expected_completion_rate,expected_completion_rate_ci95,runtime_seconds,runtime_seconds_ci95
3,18.062466552445446,0.9815408409041133,31.121883314942156,2.157465163015199,0.3914147363846871,0.020820469539667187,1.2227569508552552,0.4883065162518404
4,16.668605895359875,1.247111278438,30.40536269151219,2.0009456891680726,0.368431638611622,0.024151656638316078,1.1548522400856018,0.45012570523729084
5,16.255307263553917,1.2159822411350443,30.499178895199652,1.8792620722631521,0.36292944188734017,0.023570241892836033,0.9948124241828918,0.34041625508009565
6,15.279231236534494,1.2706036291515366,29.518120185987524,1.8734106778658504,0.3447809613190107,0.02385191377130224,1.0605276799201966,0.30605500558089604
