variable_value,objective_value,objective_value_ci95,task_cost,task_cost_ci95,expected_completion_rate,expected_completion_rate_ci95,runtime_seconds,runtime_seconds_ci95
3,1.964382872015521,0.4561540203213227,31.70929881985871,3.313579756825078,0.16395960739961615,0.01474160725075592,0.0030105280876159667,0.0002743525640008169
4,2.712366973815625,0.4166016494846754,27.95834518310747,3.4098809893067807,0.15856957898211235,0.01563638414236835,0.002911198139190674,0.00027247805428631355
5,2.3191127640975573,0.4504486260368141,27.917747130192815,3.31907900577882,0.1527776700450772,0.014797075554138037,0.002743561267852783,0.0002916395581895714
6,2.325260615523229,0.42632884378982616,25.445675168143598,3.2849422428634014,0.14227090237094728,0.015282224492295373,0.002655205726623535,0.0002640797693414359
