variable_value,objective_value,objective_value_ci95,task_cost,task_cost_ci95,expected_completion_rate,expected_completion_rate_ci95,runtime_seconds,runtime_seconds_ci95
3,6.71113417046562,1.283984324970939,15.443949591487936,3.754893668150896,0.16206170068445713,0.03251486862869316,0.002655947208404541,0.0007061969429825625
4,6.695002435001173,1.4932828229123365,13.762312675784662,3.6188120295294737,0.1546242319676653,0.035401775765684144,0.00226445198059082,0.0006395957972868587
5,6.260160203842637,1.3018245239280022,11.923276683025005,2.8742389697888093,0.14053061726785912,0.029806259399708098,0.0018851161003112793,0.0005552086185923496
6,5.973009637575137,1.6380093507677786,9.99804077549882,3.018045002451236,0.1281774552889255,0.03559914405792727,0.00214000940322876,0.0006075037054317641
