variable_value,objective_value,objective_value_ci95,task_cost,task_cost_ci95,expected_completion_rate,expected_completion_rate_ci95,runtime_seconds,runtime_seconds_ci95
3,16.460638238525355,1.0154012272152242,27.83354507074395,1.9182752755577197,0.3544385965678362,0.021338950022625598,0.010501220226287841,0.0010147209737883245
4,15.658965499831824,1.1381344526977584,26.579729940234238,2.0612662751918926,0.33761263545574427,0.02404917911327529,0.00995675802230835,0.0009780988210533
5,15.651613977213842,1.1277665370393093,25.571137462086572,1.9297192352481478,0.33318507451199736,0.02313394181132685,0.009491589069366455,0.0009970079615641693
6,14.719398278182648,1.0914353490098865,24.55725634805591,2.0439276309203307,0.31552250260856324,0.023386117096269775,0.009105865955352782,0.0010248867269255226
