variable_value,objective_value,objective_value_ci95,task_cost,task_cost_ci95,expected_completion_rate,expected_completion_rate_ci95,runtime_seconds,runtime_seconds_ci95
3,9.791946942551316,1.4723777750785239,48.903998640766375,10.015005917868093,0.34947352192544606,0.04699711472099301,0.008899641036987305,0.0017877500404652105
4,10.048659837907277,1.7752132694733094,42.77074625335161,10.539430571338064,0.3268554816273252,0.05566391464495102,0.008637833595275878,0.0022274220130497897
5,10.870222497284745,1.8491586987179534,37.628411866131,9.057129818647882,0.3165535151017721,0.05451981462660958,0.007510876655578614,0.0024617826138015005
6,9.199343682296332,1.7594393280781888,34.110471220610606,9.513450580211876,0.2776069292639931,0.05561568678525331,0.006645333766937256,0.002134443371827748
