variable_value,objective_value,objective_value_ci95,task_cost,task_cost_ci95,expected_completion_rate,expected_completion_rate_ci95,runtime_seconds,runtime_seconds_ci95
3,11.18953760107612,1.6529715313955382,28.0993890922226,5.550767598955344,0.28027649041061287,0.042966359058244356,0.00403904914855957,0.001040711497805551
4,11.198148542874465,1.963656167028028,24.97978428295146,5.6947314578109145,0.2670297689679987,0.050332722288402916,0.003942465782165528,0.0015618131350059739
5,10.546731841510262,2.116709924937092,23.07172385519023,4.448849363701553,0.24954641425810475,0.04647395471000927,0.003122854232788086,0.0008801001022787987
6,9.296122376527046,2.067756792708684,19.991220913038273,4.875493139644157,0.21847840929197898,0.04905349612158266,0.0028816342353820803,0.0006789712585313617
