variable_value,objective_value,objective_value_ci95,task_cost,task_cost_ci95,expected_completion_rate,expected_completion_rate_ci95,runtime_seconds,runtime_seconds_ci95
3,9.151790269853358,0.83887690067645,35.51404074833596,2.6545171092333857,0.2829428927764878,0.019551498182893822,0.00457693099975586,0.0003886777701435628
4,9.386221961271323,0.8682556745701302,31.81774812512987,2.8062702688586536,0.2704506628401469,0.02125380457594365,0.004566810131072998,0.00044084257500166455
5,9.104649899997044,0.8058139972013931,31.066819064117,2.6294143139207753,0.26320993741760207,0.020333728241288766,0.0042530250549316405,0.0003633893486034959
6,8.26996844593001,0.8755674521969224,30.41869627038714,2.821940857190788,0.24850824752923073,0.02050323652868914,0.004071886539459228,0.0003940309450609491
