variable_value,objective_value,task_cost,expected_completion_rate,runtime_seconds
0.05,19.320598537351117,21.492593632862395,0.3681196661029977,13.809635474681855
0.1,19.370073192811702,21.54175423049235,0.3690371351708487,14.613995890617371
0.15,19.29124575825126,21.547646314785606,0.36793628075267065,15.024674718379975
0.2,19.238234784581078,21.61565409330815,0.36747044303676474,14.015028095245361
0.25,19.263333482322974,21.747717293759237,0.3683949810064393,17.53015959262848
